ID,File
7114971700365692165,inputs/tiktok/bolsonaro/@bolsonaromessiasjair7114971700365692165.jpg
7115050482179050758,inputs/tiktok/bolsonaro/@bolsonaromessiasjair7115050482179050758.jpg
7115120078982630661,inputs/tiktok/bolsonaro/@bolsonaromessiasjair7115120078982630661.jpg
7115161088219565317,inputs/tiktok/bolsonaro/@bolsonaromessiasjair7115161088219565317.jpg
7115207919750253830,inputs/tiktok/bolsonaro/@bolsonaromessiasjair7115207919750253830.jpg
7115399262267051270,inputs/tiktok/bolsonaro/@bolsonaromessiasjair7115399262267051270.jpg
7115477908256214278,inputs/tiktok/bolsonaro/@bolsonaromessiasjair7115477908256214278.jpg
7115738690105756933,inputs/tiktok/bolsonaro/@bolsonaromessiasjair7115738690105756933.jpg
7115805808331377926,inputs/tiktok/bolsonaro/@bolsonaromessiasjair7115805808331377926.jpg
7115908390257233157,inputs/tiktok/bolsonaro/@bolsonaromessiasjair7115908390257233157.jpg
7116161583075560710,inputs/tiktok/bolsonaro/@bolsonaromessiasjair7116161583075560710.jpg
7116479466896919814,inputs/tiktok/bolsonaro/@bolsonaromessiasjair7116479466896919814.jpg
7116603296168643845,inputs/tiktok/bolsonaro/@bolsonaromessiasjair7116603296168643845.jpg
7116848776790166790,inputs/tiktok/bolsonaro/@bolsonaromessiasjair7116848776790166790.jpg
7117197139758959877,inputs/tiktok/bolsonaro/@bolsonaromessiasjair7117197139758959877.jpg
7117269425203514630,inputs/tiktok/bolsonaro/@bolsonaromessiasjair7117269425203514630.jpg
7117590392270327046,inputs/tiktok/bolsonaro/@bolsonaromessiasjair7117590392270327046.jpg
7117603422920117509,inputs/tiktok/bolsonaro/@bolsonaromessiasjair7117603422920117509.jpg
7117660810549284102,inputs/tiktok/bolsonaro/@bolsonaromessiasjair7117660810549284102.jpg
7117971542633499910,inputs/tiktok/bolsonaro/@bolsonaromessiasjair7117971542633499910.jpg
7118068834459782405,inputs/tiktok/bolsonaro/@bolsonaromessiasjair7118068834459782405.jpg
7118340242536434950,inputs/tiktok/bolsonaro/@bolsonaromessiasjair7118340242536434950.jpg
7118536238520438021,inputs/tiktok/bolsonaro/@bolsonaromessiasjair7118536238520438021.jpg
7118548034631257350,inputs/tiktok/bolsonaro/@bolsonaromessiasjair7118548034631257350.jpg
7118714403372928262,inputs/tiktok/bolsonaro/@bolsonaromessiasjair7118714403372928262.jpg
7118779005758639366,inputs/tiktok/bolsonaro/@bolsonaromessiasjair7118779005758639366.jpg
7119045148578778374,inputs/tiktok/bolsonaro/@bolsonaromessiasjair7119045148578778374.jpg
7119115867824147717,inputs/tiktok/bolsonaro/@bolsonaromessiasjair7119115867824147717.jpg
7119143272429161733,inputs/tiktok/bolsonaro/@bolsonaromessiasjair7119143272429161733.jpg
7119639753816820998,inputs/tiktok/bolsonaro/@bolsonaromessiasjair7119639753816820998.jpg
7119808655352024326,inputs/tiktok/bolsonaro/@bolsonaromessiasjair7119808655352024326.jpg
7119890914910194950,inputs/tiktok/bolsonaro/@bolsonaromessiasjair7119890914910194950.jpg
7119957986759658758,inputs/tiktok/bolsonaro/@bolsonaromessiasjair7119957986759658758.jpg
7120031316359384326,inputs/tiktok/bolsonaro/@bolsonaromessiasjair7120031316359384326.jpg
7120178088524188934,inputs/tiktok/bolsonaro/@bolsonaromessiasjair7120178088524188934.jpg
7120262614063516934,inputs/tiktok/bolsonaro/@bolsonaromessiasjair7120262614063516934.jpg
7120312213142801669,inputs/tiktok/bolsonaro/@bolsonaromessiasjair7120312213142801669.jpg
7120415083867491589,inputs/tiktok/bolsonaro/@bolsonaromessiasjair7120415083867491589.jpg
7120581357117394181,inputs/tiktok/bolsonaro/@bolsonaromessiasjair7120581357117394181.jpg
7120608894753230086,inputs/tiktok/bolsonaro/@bolsonaromessiasjair7120608894753230086.jpg
7120694066995531014,inputs/tiktok/bolsonaro/@bolsonaromessiasjair7120694066995531014.jpg
7120746294724906246,inputs/tiktok/bolsonaro/@bolsonaromessiasjair7120746294724906246.jpg
7120925234470849798,inputs/tiktok/bolsonaro/@bolsonaromessiasjair7120925234470849798.jpg
7120965804618796294,inputs/tiktok/bolsonaro/@bolsonaromessiasjair7120965804618796294.jpg
7121056105089780997,inputs/tiktok/bolsonaro/@bolsonaromessiasjair7121056105089780997.jpg
7121132876665556229,inputs/tiktok/bolsonaro/@bolsonaromessiasjair7121132876665556229.jpg
7121294140163378437,inputs/tiktok/bolsonaro/@bolsonaromessiasjair7121294140163378437.jpg
7121355653561502982,inputs/tiktok/bolsonaro/@bolsonaromessiasjair7121355653561502982.jpg
7121471037409201413,inputs/tiktok/bolsonaro/@bolsonaromessiasjair7121471037409201413.jpg
7121672419798027525,inputs/tiktok/bolsonaro/@bolsonaromessiasjair7121672419798027525.jpg
7121839869701410054,inputs/tiktok/bolsonaro/@bolsonaromessiasjair7121839869701410054.jpg
7122040247311191302,inputs/tiktok/bolsonaro/@bolsonaromessiasjair7122040247311191302.jpg
7122152605270265093,inputs/tiktok/bolsonaro/@bolsonaromessiasjair7122152605270265093.jpg
7122226385124429061,inputs/tiktok/bolsonaro/@bolsonaromessiasjair7122226385124429061.jpg
7122425160489094406,inputs/tiktok/bolsonaro/@bolsonaromessiasjair7122425160489094406.jpg
7122549024854412550,inputs/tiktok/bolsonaro/@bolsonaromessiasjair7122549024854412550.jpg
7122637008043871494,inputs/tiktok/bolsonaro/@bolsonaromessiasjair7122637008043871494.jpg
7122850614760967429,inputs/tiktok/bolsonaro/@bolsonaromessiasjair7122850614760967429.jpg
7122877808203926789,inputs/tiktok/bolsonaro/@bolsonaromessiasjair7122877808203926789.jpg
7123006953135131909,inputs/tiktok/bolsonaro/@bolsonaromessiasjair7123006953135131909.jpg
7123197776908832006,inputs/tiktok/bolsonaro/@bolsonaromessiasjair7123197776908832006.jpg
7123326615911681285,inputs/tiktok/bolsonaro/@bolsonaromessiasjair7123326615911681285.jpg
7123561385224621318,inputs/tiktok/bolsonaro/@bolsonaromessiasjair7123561385224621318.jpg
7123596534012202246,inputs/tiktok/bolsonaro/@bolsonaromessiasjair7123596534012202246.jpg
7123715891203755270,inputs/tiktok/bolsonaro/@bolsonaromessiasjair7123715891203755270.jpg
7123910264365387013,inputs/tiktok/bolsonaro/@bolsonaromessiasjair7123910264365387013.jpg
7123970382071123206,inputs/tiktok/bolsonaro/@bolsonaromessiasjair7123970382071123206.jpg
7124311468761402629,inputs/tiktok/bolsonaro/@bolsonaromessiasjair7124311468761402629.jpg
7124422079616797958,inputs/tiktok/bolsonaro/@bolsonaromessiasjair7124422079616797958.jpg
7124655981987974406,inputs/tiktok/bolsonaro/@bolsonaromessiasjair7124655981987974406.jpg
7124813427159158021,inputs/tiktok/bolsonaro/@bolsonaromessiasjair7124813427159158021.jpg
7125010684928150789,inputs/tiktok/bolsonaro/@bolsonaromessiasjair7125010684928150789.jpg
7125145950728752389,inputs/tiktok/bolsonaro/@bolsonaromessiasjair7125145950728752389.jpg
7125437876808027397,inputs/tiktok/bolsonaro/@bolsonaromessiasjair7125437876808027397.jpg
7125542547786632453,inputs/tiktok/bolsonaro/@bolsonaromessiasjair7125542547786632453.jpg
7125579162038832389,inputs/tiktok/bolsonaro/@bolsonaromessiasjair7125579162038832389.jpg
7125781441711049990,inputs/tiktok/bolsonaro/@bolsonaromessiasjair7125781441711049990.jpg
7125907541665565958,inputs/tiktok/bolsonaro/@bolsonaromessiasjair7125907541665565958.jpg
7126141856190090502,inputs/tiktok/bolsonaro/@bolsonaromessiasjair7126141856190090502.jpg
7126288473073487110,inputs/tiktok/bolsonaro/@bolsonaromessiasjair7126288473073487110.jpg
7126507412969753862,inputs/tiktok/bolsonaro/@bolsonaromessiasjair7126507412969753862.jpg
7126643401210039558,inputs/tiktok/bolsonaro/@bolsonaromessiasjair7126643401210039558.jpg
7126890909781806342,inputs/tiktok/bolsonaro/@bolsonaromessiasjair7126890909781806342.jpg
7127056462550961414,inputs/tiktok/bolsonaro/@bolsonaromessiasjair7127056462550961414.jpg
7127288208978627846,inputs/tiktok/bolsonaro/@bolsonaromessiasjair7127288208978627846.jpg
7127590125525060869,inputs/tiktok/bolsonaro/@bolsonaromessiasjair7127590125525060869.jpg
7127753826043448581,inputs/tiktok/bolsonaro/@bolsonaromessiasjair7127753826043448581.jpg
7127992687994653958,inputs/tiktok/bolsonaro/@bolsonaromessiasjair7127992687994653958.jpg
7128124773128752389,inputs/tiktok/bolsonaro/@bolsonaromessiasjair7128124773128752389.jpg
7128173922306084102,inputs/tiktok/bolsonaro/@bolsonaromessiasjair7128173922306084102.jpg
7128394440716209414,inputs/tiktok/bolsonaro/@bolsonaromessiasjair7128394440716209414.jpg
7128490493419343109,inputs/tiktok/bolsonaro/@bolsonaromessiasjair7128490493419343109.jpg
7128738573448269062,inputs/tiktok/bolsonaro/@bolsonaromessiasjair7128738573448269062.jpg
7128812180333399301,inputs/tiktok/bolsonaro/@bolsonaromessiasjair7128812180333399301.jpg
7129126634917088517,inputs/tiktok/bolsonaro/@bolsonaromessiasjair7129126634917088517.jpg
7129273713110813958,inputs/tiktok/bolsonaro/@bolsonaromessiasjair7129273713110813958.jpg
7129497893722983686,inputs/tiktok/bolsonaro/@bolsonaromessiasjair7129497893722983686.jpg
7129869360520318214,inputs/tiktok/bolsonaro/@bolsonaromessiasjair7129869360520318214.jpg
7130026941838560518,inputs/tiktok/bolsonaro/@bolsonaromessiasjair7130026941838560518.jpg
7130253492685491461,inputs/tiktok/bolsonaro/@bolsonaromessiasjair7130253492685491461.jpg
7130376005528685830,inputs/tiktok/bolsonaro/@bolsonaromessiasjair7130376005528685830.jpg
7130716020704021765,inputs/tiktok/bolsonaro/@bolsonaromessiasjair7130716020704021765.jpg
7130805243079675141,inputs/tiktok/bolsonaro/@bolsonaromessiasjair7130805243079675141.jpg
7130977879478816005,inputs/tiktok/bolsonaro/@bolsonaromessiasjair7130977879478816005.jpg
7131086087845465349,inputs/tiktok/bolsonaro/@bolsonaromessiasjair7131086087845465349.jpg
7131330617203100934,inputs/tiktok/bolsonaro/@bolsonaromessiasjair7131330617203100934.jpg
7131433205214792966,inputs/tiktok/bolsonaro/@bolsonaromessiasjair7131433205214792966.jpg
7131704024373464326,inputs/tiktok/bolsonaro/@bolsonaromessiasjair7131704024373464326.jpg
7131839191364799750,inputs/tiktok/bolsonaro/@bolsonaromessiasjair7131839191364799750.jpg
7131879665454681349,inputs/tiktok/bolsonaro/@bolsonaromessiasjair7131879665454681349.jpg
7132102394170674437,inputs/tiktok/bolsonaro/@bolsonaromessiasjair7132102394170674437.jpg
7132216683162307845,inputs/tiktok/bolsonaro/@bolsonaromessiasjair7132216683162307845.jpg
7132473192811203845,inputs/tiktok/bolsonaro/@bolsonaromessiasjair7132473192811203845.jpg
7132631064148757765,inputs/tiktok/bolsonaro/@bolsonaromessiasjair7132631064148757765.jpg
7132847399856393478,inputs/tiktok/bolsonaro/@bolsonaromessiasjair7132847399856393478.jpg
7133186727350488326,inputs/tiktok/bolsonaro/@bolsonaromessiasjair7133186727350488326.jpg
7133372760616750342,inputs/tiktok/bolsonaro/@bolsonaromessiasjair7133372760616750342.jpg
7133586235938934022,inputs/tiktok/bolsonaro/@bolsonaromessiasjair7133586235938934022.jpg
7133912686697434373,inputs/tiktok/bolsonaro/@bolsonaromessiasjair7133912686697434373.jpg
7134093185256590598,inputs/tiktok/bolsonaro/@bolsonaromessiasjair7134093185256590598.jpg
7134369947496500485,inputs/tiktok/bolsonaro/@bolsonaromessiasjair7134369947496500485.jpg
7134687808417058054,inputs/tiktok/bolsonaro/@bolsonaromessiasjair7134687808417058054.jpg
7134868163753168133,inputs/tiktok/bolsonaro/@bolsonaromessiasjair7134868163753168133.jpg
7134893199759265030,inputs/tiktok/bolsonaro/@bolsonaromessiasjair7134893199759265030.jpg
7135065198079069446,inputs/tiktok/bolsonaro/@bolsonaromessiasjair7135065198079069446.jpg
7135232198684298502,inputs/tiktok/bolsonaro/@bolsonaromessiasjair7135232198684298502.jpg
7135449783581347077,inputs/tiktok/bolsonaro/@bolsonaromessiasjair7135449783581347077.jpg
7135560153067310341,inputs/tiktok/bolsonaro/@bolsonaromessiasjair7135560153067310341.jpg
7135609362550148357,inputs/tiktok/bolsonaro/@bolsonaromessiasjair7135609362550148357.jpg
7135818610714414342,inputs/tiktok/bolsonaro/@bolsonaromessiasjair7135818610714414342.jpg
7135950309423074565,inputs/tiktok/bolsonaro/@bolsonaromessiasjair7135950309423074565.jpg
7136167177450720517,inputs/tiktok/bolsonaro/@bolsonaromessiasjair7136167177450720517.jpg
7136231781967203590,inputs/tiktok/bolsonaro/@bolsonaromessiasjair7136231781967203590.jpg
7136295645966585093,inputs/tiktok/bolsonaro/@bolsonaromessiasjair7136295645966585093.jpg
7136351531431054598,inputs/tiktok/bolsonaro/@bolsonaromessiasjair7136351531431054598.jpg
7136393885001059590,inputs/tiktok/bolsonaro/@bolsonaromessiasjair7136393885001059590.jpg
7136546720074288389,inputs/tiktok/bolsonaro/@bolsonaromessiasjair7136546720074288389.jpg
7136707730529717509,inputs/tiktok/bolsonaro/@bolsonaromessiasjair7136707730529717509.jpg
7136914418784374021,inputs/tiktok/bolsonaro/@bolsonaromessiasjair7136914418784374021.jpg
7137125823789796614,inputs/tiktok/bolsonaro/@bolsonaromessiasjair7137125823789796614.jpg
7137133787799948549,inputs/tiktok/bolsonaro/@bolsonaromessiasjair7137133787799948549.jpg
7137140294260149509,inputs/tiktok/bolsonaro/@bolsonaromessiasjair7137140294260149509.jpg
7137387185472392453,inputs/tiktok/bolsonaro/@bolsonaromessiasjair7137387185472392453.jpg
7138037947739245830,inputs/tiktok/bolsonaro/@bolsonaromessiasjair7138037947739245830.jpg
7138162343992675590,inputs/tiktok/bolsonaro/@bolsonaromessiasjair7138162343992675590.jpg
7138453696609848581,inputs/tiktok/bolsonaro/@bolsonaromessiasjair7138453696609848581.jpg
7138572663148055814,inputs/tiktok/bolsonaro/@bolsonaromessiasjair7138572663148055814.jpg
7138821558675541254,inputs/tiktok/bolsonaro/@bolsonaromessiasjair7138821558675541254.jpg
7139098273691733254,inputs/tiktok/bolsonaro/@bolsonaromessiasjair7139098273691733254.jpg
7139246317414501637,inputs/tiktok/bolsonaro/@bolsonaromessiasjair7139246317414501637.jpg
7139514285251644678,inputs/tiktok/bolsonaro/@bolsonaromessiasjair7139514285251644678.jpg
7139632479283006725,inputs/tiktok/bolsonaro/@bolsonaromessiasjair7139632479283006725.jpg
7139907179515104518,inputs/tiktok/bolsonaro/@bolsonaromessiasjair7139907179515104518.jpg
7139924785974217990,inputs/tiktok/bolsonaro/@bolsonaromessiasjair7139924785974217990.jpg
7140298643613011206,inputs/tiktok/bolsonaro/@bolsonaromessiasjair7140298643613011206.jpg
7140417818482232582,inputs/tiktok/bolsonaro/@bolsonaromessiasjair7140417818482232582.jpg
7140475103313284358,inputs/tiktok/bolsonaro/@bolsonaromessiasjair7140475103313284358.jpg
7140818882641661189,inputs/tiktok/bolsonaro/@bolsonaromessiasjair7140818882641661189.jpg
7141054704879930650,inputs/tiktok/bolsonaro/@bolsonaromessiasjair7141054704879930650.jpg
7141328718684900614,inputs/tiktok/bolsonaro/@bolsonaromessiasjair7141328718684900614.jpg
7141455832692149510,inputs/tiktok/bolsonaro/@bolsonaromessiasjair7141455832692149510.jpg
7141734333705997574,inputs/tiktok/bolsonaro/@bolsonaromessiasjair7141734333705997574.jpg
7142087873389546757,inputs/tiktok/bolsonaro/@bolsonaromessiasjair7142087873389546757.jpg
7142468971042721029,inputs/tiktok/bolsonaro/@bolsonaromessiasjair7142468971042721029.jpg
7142617092863347974,inputs/tiktok/bolsonaro/@bolsonaromessiasjair7142617092863347974.jpg
7142697600049794309,inputs/tiktok/bolsonaro/@bolsonaromessiasjair7142697600049794309.jpg
7142842734926204166,inputs/tiktok/bolsonaro/@bolsonaromessiasjair7142842734926204166.jpg
7142936906580413702,inputs/tiktok/bolsonaro/@bolsonaromessiasjair7142936906580413702.jpg
7143238576904490245,inputs/tiktok/bolsonaro/@bolsonaromessiasjair7143238576904490245.jpg
7143393316858514694,inputs/tiktok/bolsonaro/@bolsonaromessiasjair7143393316858514694.jpg
7143600673618218246,inputs/tiktok/bolsonaro/@bolsonaromessiasjair7143600673618218246.jpg
7143773749043645701,inputs/tiktok/bolsonaro/@bolsonaromessiasjair7143773749043645701.jpg
7143985301768260870,inputs/tiktok/bolsonaro/@bolsonaromessiasjair7143985301768260870.jpg
7144132461633490181,inputs/tiktok/bolsonaro/@bolsonaromessiasjair7144132461633490181.jpg
7144369305210113285,inputs/tiktok/bolsonaro/@bolsonaromessiasjair7144369305210113285.jpg
7144518704032697605,inputs/tiktok/bolsonaro/@bolsonaromessiasjair7144518704032697605.jpg
7144775317385678085,inputs/tiktok/bolsonaro/@bolsonaromessiasjair7144775317385678085.jpg
7145084190671899909,inputs/tiktok/bolsonaro/@bolsonaromessiasjair7145084190671899909.jpg
7145403203637529862,inputs/tiktok/bolsonaro/@bolsonaromessiasjair7145403203637529862.jpg
7145533136821030150,inputs/tiktok/bolsonaro/@bolsonaromessiasjair7145533136821030150.jpg
7145806251039984901,inputs/tiktok/bolsonaro/@bolsonaromessiasjair7145806251039984901.jpg
7146157816527588614,inputs/tiktok/bolsonaro/@bolsonaromessiasjair7146157816527588614.jpg
7146249449340226821,inputs/tiktok/bolsonaro/@bolsonaromessiasjair7146249449340226821.jpg
7146557443433041157,inputs/tiktok/bolsonaro/@bolsonaromessiasjair7146557443433041157.jpg
7146655199015292165,inputs/tiktok/bolsonaro/@bolsonaromessiasjair7146655199015292165.jpg
7146908934715084037,inputs/tiktok/bolsonaro/@bolsonaromessiasjair7146908934715084037.jpg
7146966494818159878,inputs/tiktok/bolsonaro/@bolsonaromessiasjair7146966494818159878.jpg
7147312977522232581,inputs/tiktok/bolsonaro/@bolsonaromessiasjair7147312977522232581.jpg
7147701638466227483,inputs/tiktok/bolsonaro/@bolsonaromessiasjair7147701638466227483.jpg
7147851475446811910,inputs/tiktok/bolsonaro/@bolsonaromessiasjair7147851475446811910.jpg
7148003823674543365,inputs/tiktok/bolsonaro/@bolsonaromessiasjair7148003823674543365.jpg
7148384658416307461,inputs/tiktok/bolsonaro/@bolsonaromessiasjair7148384658416307461.jpg
7148435207635406085,inputs/tiktok/bolsonaro/@bolsonaromessiasjair7148435207635406085.jpg
7148610297132076293,inputs/tiktok/bolsonaro/@bolsonaromessiasjair7148610297132076293.jpg
7148896985003789573,inputs/tiktok/bolsonaro/@bolsonaromessiasjair7148896985003789573.jpg
7149171658169847045,inputs/tiktok/bolsonaro/@bolsonaromessiasjair7149171658169847045.jpg
7149207917894405382,inputs/tiktok/bolsonaro/@bolsonaromessiasjair7149207917894405382.jpg
7149517499111968006,inputs/tiktok/bolsonaro/@bolsonaromessiasjair7149517499111968006.jpg
7149556336248835333,inputs/tiktok/bolsonaro/@bolsonaromessiasjair7149556336248835333.jpg
7149604068875357445,inputs/tiktok/bolsonaro/@bolsonaromessiasjair7149604068875357445.jpg
7149642241395494149,inputs/tiktok/bolsonaro/@bolsonaromessiasjair7149642241395494149.jpg
7149648521845591302,inputs/tiktok/bolsonaro/@bolsonaromessiasjair7149648521845591302.jpg
7149652777482964230,inputs/tiktok/bolsonaro/@bolsonaromessiasjair7149652777482964230.jpg
7149659243052944646,inputs/tiktok/bolsonaro/@bolsonaromessiasjair7149659243052944646.jpg
7150280209315417349,inputs/tiktok/bolsonaro/@bolsonaromessiasjair7150280209315417349.jpg
7150687987012013317,inputs/tiktok/bolsonaro/@bolsonaromessiasjair7150687987012013317.jpg
7151055678486990085,inputs/tiktok/bolsonaro/@bolsonaromessiasjair7151055678486990085.jpg
7151517516244864262,inputs/tiktok/bolsonaro/@bolsonaromessiasjair7151517516244864262.jpg
7151583849414266117,inputs/tiktok/bolsonaro/@bolsonaromessiasjair7151583849414266117.jpg
7151733451157261573,inputs/tiktok/bolsonaro/@bolsonaromessiasjair7151733451157261573.jpg
7151888457101675782,inputs/tiktok/bolsonaro/@bolsonaromessiasjair7151888457101675782.jpg
7151895134433512709,inputs/tiktok/bolsonaro/@bolsonaromessiasjair7151895134433512709.jpg
7152116839567363334,inputs/tiktok/bolsonaro/@bolsonaromessiasjair7152116839567363334.jpg
7152178193699572997,inputs/tiktok/bolsonaro/@bolsonaromessiasjair7152178193699572997.jpg
7152483582596926725,inputs/tiktok/bolsonaro/@bolsonaromessiasjair7152483582596926725.jpg
7152844420998548742,inputs/tiktok/bolsonaro/@bolsonaromessiasjair7152844420998548742.jpg
7153201264568913158,inputs/tiktok/bolsonaro/@bolsonaromessiasjair7153201264568913158.jpg
7153302688556420358,inputs/tiktok/bolsonaro/@bolsonaromessiasjair7153302688556420358.jpg
7153374801409707270,inputs/tiktok/bolsonaro/@bolsonaromessiasjair7153374801409707270.jpg
7153610126375521541,inputs/tiktok/bolsonaro/@bolsonaromessiasjair7153610126375521541.jpg
7153666557539798277,inputs/tiktok/bolsonaro/@bolsonaromessiasjair7153666557539798277.jpg
7154040855152610565,inputs/tiktok/bolsonaro/@bolsonaromessiasjair7154040855152610565.jpg
7154301373570436358,inputs/tiktok/bolsonaro/@bolsonaromessiasjair7154301373570436358.jpg
7154437709392661765,inputs/tiktok/bolsonaro/@bolsonaromessiasjair7154437709392661765.jpg
7154526379860692229,inputs/tiktok/bolsonaro/@bolsonaromessiasjair7154526379860692229.jpg
7154705772268489989,inputs/tiktok/bolsonaro/@bolsonaromessiasjair7154705772268489989.jpg
7154840992284232966,inputs/tiktok/bolsonaro/@bolsonaromessiasjair7154840992284232966.jpg
7155198217771060486,inputs/tiktok/bolsonaro/@bolsonaromessiasjair7155198217771060486.jpg
7155214901395377414,inputs/tiktok/bolsonaro/@bolsonaromessiasjair7155214901395377414.jpg
7155282520869735686,inputs/tiktok/bolsonaro/@bolsonaromessiasjair7155282520869735686.jpg
7155454754271825158,inputs/tiktok/bolsonaro/@bolsonaromessiasjair7155454754271825158.jpg
7155795146729164037,inputs/tiktok/bolsonaro/@bolsonaromessiasjair7155795146729164037.jpg
7155885964139695365,inputs/tiktok/bolsonaro/@bolsonaromessiasjair7155885964139695365.jpg
7156357305955650821,inputs/tiktok/bolsonaro/@bolsonaromessiasjair7156357305955650821.jpg
7156652813647449350,inputs/tiktok/bolsonaro/@bolsonaromessiasjair7156652813647449350.jpg
7156698258792860933,inputs/tiktok/bolsonaro/@bolsonaromessiasjair7156698258792860933.jpg
7156768353820921093,inputs/tiktok/bolsonaro/@bolsonaromessiasjair7156768353820921093.jpg
7156930375321718022,inputs/tiktok/bolsonaro/@bolsonaromessiasjair7156930375321718022.jpg
7157016793855364358,inputs/tiktok/bolsonaro/@bolsonaromessiasjair7157016793855364358.jpg
7157154489835851014,inputs/tiktok/bolsonaro/@bolsonaromessiasjair7157154489835851014.jpg
7157335164136230149,inputs/tiktok/bolsonaro/@bolsonaromessiasjair7157335164136230149.jpg
7157407242067660038,inputs/tiktok/bolsonaro/@bolsonaromessiasjair7157407242067660038.jpg
7157441811538038022,inputs/tiktok/bolsonaro/@bolsonaromessiasjair7157441811538038022.jpg
7157697379070676230,inputs/tiktok/bolsonaro/@bolsonaromessiasjair7157697379070676230.jpg
7157773223302679814,inputs/tiktok/bolsonaro/@bolsonaromessiasjair7157773223302679814.jpg
7157899882932571398,inputs/tiktok/bolsonaro/@bolsonaromessiasjair7157899882932571398.jpg
7158062596438969605,inputs/tiktok/bolsonaro/@bolsonaromessiasjair7158062596438969605.jpg
7158480559654636805,inputs/tiktok/bolsonaro/@bolsonaromessiasjair7158480559654636805.jpg
7158547810244332806,inputs/tiktok/bolsonaro/@bolsonaromessiasjair7158547810244332806.jpg
7158599839259856134,inputs/tiktok/bolsonaro/@bolsonaromessiasjair7158599839259856134.jpg
7158760403244256517,inputs/tiktok/bolsonaro/@bolsonaromessiasjair7158760403244256517.jpg
7159137058555022598,inputs/tiktok/bolsonaro/@bolsonaromessiasjair7159137058555022598.jpg
7159293944143138053,inputs/tiktok/bolsonaro/@bolsonaromessiasjair7159293944143138053.jpg
7159536039252577542,inputs/tiktok/bolsonaro/@bolsonaromessiasjair7159536039252577542.jpg
7159681566732520710,inputs/tiktok/bolsonaro/@bolsonaromessiasjair7159681566732520710.jpg
7159695635761876230,inputs/tiktok/bolsonaro/@bolsonaromessiasjair7159695635761876230.jpg
7159766081593150726,inputs/tiktok/bolsonaro/@bolsonaromessiasjair7159766081593150726.jpg
7159773640030997766,inputs/tiktok/bolsonaro/@bolsonaromessiasjair7159773640030997766.jpg
7159891102143630597,inputs/tiktok/bolsonaro/@bolsonaromessiasjair7159891102143630597.jpg
7159943895445441797,inputs/tiktok/bolsonaro/@bolsonaromessiasjair7159943895445441797.jpg
7160017587160485125,inputs/tiktok/bolsonaro/@bolsonaromessiasjair7160017587160485125.jpg
